-- MySQL dump 10.13  Distrib 8.0.43, for Win64 (x86_64)
--
-- Host: 127.0.0.1    Database: practice_java_spring_boot
-- ------------------------------------------------------
-- Server version	8.0.43

/*!40101 SET @OLD_CHARACTER_SET_CLIENT=@@CHARACTER_SET_CLIENT */;
/*!40101 SET @OLD_CHARACTER_SET_RESULTS=@@CHARACTER_SET_RESULTS */;
/*!40101 SET @OLD_COLLATION_CONNECTION=@@COLLATION_CONNECTION */;
/*!50503 SET NAMES utf8mb4 */;
/*!40103 SET @OLD_TIME_ZONE=@@TIME_ZONE */;
/*!40103 SET TIME_ZONE='+00:00' */;
/*!40014 SET @OLD_UNIQUE_CHECKS=@@UNIQUE_CHECKS, UNIQUE_CHECKS=0 */;
/*!40014 SET @OLD_FOREIGN_KEY_CHECKS=@@FOREIGN_KEY_CHECKS, FOREIGN_KEY_CHECKS=0 */;
/*!40101 SET @OLD_SQL_MODE=@@SQL_MODE, SQL_MODE='NO_AUTO_VALUE_ON_ZERO' */;
/*!40111 SET @OLD_SQL_NOTES=@@SQL_NOTES, SQL_NOTES=0 */;

--
-- Table structure for table `roles`
--

DROP TABLE IF EXISTS `roles`;
/*!40101 SET @saved_cs_client     = @@character_set_client */;
/*!50503 SET character_set_client = utf8mb4 */;
CREATE TABLE `roles` (
  `id` bigint NOT NULL AUTO_INCREMENT,
  `name` varchar(255) NOT NULL,
  PRIMARY KEY (`id`),
  UNIQUE KEY `UKofx66keruapi6vyqpv6f2or37` (`name`)
) ENGINE=InnoDB AUTO_INCREMENT=4 DEFAULT CHARSET=utf8mb4 COLLATE=utf8mb4_0900_ai_ci;
/*!40101 SET character_set_client = @saved_cs_client */;

--
-- Dumping data for table `roles`
--

/*!40000 ALTER TABLE `roles` DISABLE KEYS */;
INSERT INTO `roles` VALUES (2,'admin'),(3,'guest'),(1,'user');
/*!40000 ALTER TABLE `roles` ENABLE KEYS */;

--
-- Table structure for table `user_roles`
--

DROP TABLE IF EXISTS `user_roles`;
/*!40101 SET @saved_cs_client     = @@character_set_client */;
/*!50503 SET character_set_client = utf8mb4 */;
CREATE TABLE `user_roles` (
  `user_id` bigint NOT NULL,
  `role_id` bigint NOT NULL,
  PRIMARY KEY (`user_id`,`role_id`),
  KEY `FKh8ciramu9cc9q3qcqiv4ue8a6` (`role_id`),
  CONSTRAINT `FKh8ciramu9cc9q3qcqiv4ue8a6` FOREIGN KEY (`role_id`) REFERENCES `roles` (`id`),
  CONSTRAINT `FKhfh9dx7w3ubf1co1vdev94g3f` FOREIGN KEY (`user_id`) REFERENCES `users` (`id`)
) ENGINE=InnoDB DEFAULT CHARSET=utf8mb4 COLLATE=utf8mb4_0900_ai_ci;
/*!40101 SET character_set_client = @saved_cs_client */;

--
-- Dumping data for table `user_roles`
--

/*!40000 ALTER TABLE `user_roles` DISABLE KEYS */;
INSERT INTO `user_roles` VALUES (1,1),(4,1),(5,1),(6,1),(2,2),(3,2),(7,2);
/*!40000 ALTER TABLE `user_roles` ENABLE KEYS */;

--
-- Table structure for table `users`
--

DROP TABLE IF EXISTS `users`;
/*!40101 SET @saved_cs_client     = @@character_set_client */;
/*!50503 SET character_set_client = utf8mb4 */;
CREATE TABLE `users` (
  `id` bigint NOT NULL AUTO_INCREMENT,
  `address` varchar(255) DEFAULT NULL,
  `email` varchar(255) NOT NULL,
  `password` varchar(255) DEFAULT NULL,
  `username` varchar(255) NOT NULL,
  PRIMARY KEY (`id`),
  UNIQUE KEY `UK6dotkott2kjsp8vw4d0m25fb7` (`email`),
  UNIQUE KEY `UKr43af9ap4edm43mmtq01oddj6` (`username`)
) ENGINE=InnoDB AUTO_INCREMENT=8 DEFAULT CHARSET=utf8mb4 COLLATE=utf8mb4_0900_ai_ci;
/*!40101 SET character_set_client = @saved_cs_client */;

--
-- Dumping data for table `users`
--

/*!40000 ALTER TABLE `users` DISABLE KEYS */;
INSERT INTO `users` VALUES (1,'107 Chesley Land, Port Damarismouth, Central African Republic','Clint.Metz@gmail.com','123','lamont.grimes2'),(2,'407 Dooley Viaduct, Rodgerville, Panama','Napoleon84@yahoo.com','123','murl.abshire'),(3,'65310 Bosco Trail, Port Emerald, Namibia','Margot93@gmail.com','123','leland.pollich15'),(4,'427 Carol Parkways, Lake Glenna, Tunisia','Dedric.Larkin@hotmail.com','123','jewell81'),(5,'0073 Wisozk Meadow, Ivahtown, Ethiopia','Stan_Hoppe@gmail.com','123','payton_huels'),(6,'77637 Hilll River, Murazikville, Spain','Eliseo94@yahoo.com','123','abbey.dickinson99'),(7,'39900 Bergstrom Passage, Port Vitochester, Papua New Guinea','Natalia.Hackett@yahoo.com','123','kaylin.rippin83');
/*!40000 ALTER TABLE `users` ENABLE KEYS */;

--
-- Dumping routines for database 'practice_java_spring_boot'
--
/*!40103 SET TIME_ZONE=@OLD_TIME_ZONE */;

/*!40101 SET SQL_MODE=@OLD_SQL_MODE */;
/*!40014 SET FOREIGN_KEY_CHECKS=@OLD_FOREIGN_KEY_CHECKS */;
/*!40014 SET UNIQUE_CHECKS=@OLD_UNIQUE_CHECKS */;
/*!40101 SET CHARACTER_SET_CLIENT=@OLD_CHARACTER_SET_CLIENT */;
/*!40101 SET CHARACTER_SET_RESULTS=@OLD_CHARACTER_SET_RESULTS */;
/*!40101 SET COLLATION_CONNECTION=@OLD_COLLATION_CONNECTION */;
/*!40111 SET SQL_NOTES=@OLD_SQL_NOTES */;

-- Dump completed on 2025-08-06  9:43:03
